zipcode_cluster,brewery_name,Brewery License,License Date,Status,brewery_in_production,brewery_id,brewery_address,brewery_city,brewery_state,brewery_zipcode,brewery_lat,brewery_lng,beer_count,rating_count,rating_score,age_on_service,neighboring_zips,checkins_total_count,checkins_unique_count,checkins_monthly_count,checkins_weekly_count
4,(512) Brewing Company,Brewery,5/20/2008,Open,0,1,407 Radam Ln,Austin,TX,78704,30.2236,-97.7697,157,160944,3.814,3308.740081,"7,874,578,741",246464,84027,1254,42
1,11 Below Brewing,Brewpub,5/31/2017,Open,0,149514,6820 Bourgeois Rd.,Houston,TX,77066,29.9526,-95.5189,61,44795,3.768,1918.045336,"7,706,477,069",61792,19237,1216,390
2,12 Fox Beer Company,Brewpub,9/27/2018,Open,0,431694,4700 W Fitzhugh Rd,Dripping Springs,TX,78620,30.2581,-98.1443,22,418,3.728,165.1876273,"7,873,778,669",486,176,28,0
1,3 Nations Brewing,Brewery,5/6/2015,Open,0,205645,"2405 Squire Place, Suite 200",Farmers Branch,TX,75234,32.931,-96.8983,44,67380,3.782,1600.819954,"7,500,675,229",88009,30528,1376,44
4,4J Brewing Company,Brewpub,11/16/2015,Open,0,386621,"1348 Cedar Post Lane,",Houston,TX,77080,29.7947,-95.5241,12,1102,3.697,586.1597801,"7,705,577,024",1458,507,26,0
4,4th Tap Brewing Co-Op,Brewery,4/13/2015,Open,0,229660,10615 Metric Blvd,Austin,TX,78758,30.3852,-97.7119,90,38805,3.65,1493.087407,"7,875,978,753",49945,17321,829,102
2,5 Stones Artisan Brewery,Brewpub,11/13/2017,Open,0,61531,11335 FM 1863,New Braunfels,TX,78266,29.7099,-98.2645,106,29660,3.77,2386.301516,"7,813,278,261",37782,12038,275,2
4,5x5 Brewing Co.,Brewpub,9/12/2017,Open,0,329524,"801 N. Bryan Rd, Suite 174",Mission,TX,78501,26.2121,-98.3114,17,1323,3.705,942.9725347,"7,857,278,503",1554,595,46,0
5,8th Wonder Brewery,Brewery,12/29/2011,Open,0,45113,2202 Dallas Street,Houston,TX,77003,29.7492,-95.3558,157,108911,3.678,2546.005058,"7,701,077,002",155561,41400,1391,34
1,903 Brewers,Brewpub,2/3/2017,Open,0,45007,1718 S. Elm St.,Sherman,TX,75092,33.6179,-96.6069,101,92428,3.739,2545.1364,"7,509,075,414",118696,37060,3137,80
2,Acopon Brewing Company,Brewpub,4/7/2017,Open,0,353307,211 Mercer,Dripping Springs,TX,78620,30.1925,-98.0891,44,3142,3.731,826.0457176,"7,873,778,619",3750,1089,90,0
4,Adelbert's Brewery,Brewpub,3/8/2016,Open,0,20007,"2314 Rutland Drive, Suite #100",Austin,TX,78758,30.3827,-97.7202,142,103379,3.761,2870.878519,"7,875,978,757",135428,47106,334,12
5,Alamo Beer Company,Brewery,9/29/2014,Open,0,43137,415 Burnet Street,San Antonio,TX,78215,29.4295,-98.4773,70,46183,3.427,3099.018264,"7,820,578,202",60332,31097,557,2
0,Altmeyer & Lewis Brewing Company,Brewery,7/16/2015,Open,1,294420,15898 TX-123,San Marcos,TX,78655,29.7874,-97.9467,0,1492,3.762,1162.118889,"7,866,678,638",1965,1040,0,0
1,Altstadt Brewery,Brewpub,5/12/2016,Open,0,331732,6120 East US Highway 290,Fredericksburg,TX,78624,30.2252,-98.7949,30,12942,3.625,953.3084259,"7,867,178,635",16166,7837,813,36
1,Angelina Brewing Company,Brewpub,4/29/2019,Open,0,432645,118 S 1st St,Lufkin,TX,75904,31.3385,-94.7294,33,673,3.875,155.980544,"7,590,175,941",866,221,62,0
5,Anvil Brewing,Brewpub,6/23/2017,Open,0,350129,115 Compress,Pittsburg,TX,75686,32.9971,-94.9671,32,275,3.441,845.0180556,"7,545,175,480",336,131,11,8
4,Aquabrew,Brewpub,11/17/2016,Open,0,286708,150 S LBJ Dr,San Marcos,TX,78666,29.8812,-97.9402,28,7444,3.706,1189.929549,"7,865,678,655",9147,3113,122,4
1,Armadillo Ale Works™,Brewery,2/19/2015,Open,0,9316,221 South Bell Ave,Denton,TX,76201,33.2126,-97.1281,29,36151,3.744,3157.815463,"7,620,576,209",51363,19132,713,12
1,Astral Brewing,Brewpub,10/2/2018,Open,0,423344,4816 N Shepherd Dr suite a,Houston,TX,77018,29.8354,-95.4102,36,4254,3.754,246.0267824,"7,702,277,076",5006,1523,289,4
0,Athens Brewing Company,Brewery,4/18/2016,Open,0,267312,101 E Tyler St,Athens,TX,75752,32.2054,-95.8538,35,1521,3.648,1279.158912,"7,575,175,778",1867,424,19,2
5,Aurellia's Bottle Shop & Brewhouse,Brewpub,11/3/2017,Open,0,429904,1620 Resler Dr,El Paso,TX,79911,31.8834,-106.571,50,507,3.848,181.8451968,"7,993,279,912",598,216,27,0
4,Austin Beerworks,Brewery,12/30/2010,Open,0,11819,3009 Industrial Terrace,Austin,TX,78758,30.3798,-97.7302,268,171011,3.742,3085.065972,"7,875,978,757",259584,67111,1603,54
2,B52 Brewing Co.,Brewpub,3/13/2014,Open,0,60207,12470 Milroy Lane,Conroe,TX,77304,30.3394,-95.5513,531,99452,3.945,2400.132442,"7,731,877,301",125178,19721,1978,44
5,Baa Baa Brewhouse,Brewpub,7/7/2015,Open,0,269031,"539 FM 359 Rd S, #7",Brookshire,TX,77423,29.773,-95.9506,118,11831,4.088,1271.933715,"7,744,177,494",14739,4279,663,22
4,Back Pew Brewing Company,Brewpub,2/13/2018,Open,0,209430,26452 Sorters McClellan Rd,Porter,TX,77339,30.0645,-95.2647,83,24080,3.723,1546.911944,"7,736,577,338",33961,10692,367,6
2,Back Unturned Brewing Co,Brewpub,3/22/2019,In the works,0,370015,8310 Narcissus Path,Boerne,TX,78006,29.7947,-98.732,5,22,0,725.9812731,"7,801,578,255",24,15,0,0
1,BackStory Brewery ,Brewery,10/31/2017,Open,0,393158,211 Magnolia,Sulphur Springs,TX,75482,33.1348,-95.6048,40,1716,3.698,529.0554514,"7,542,075,431",2027,823,71,8
5,Bandera Ale Project,Brewpub,7/11/2017,Open,0,368670,3540 State Highway 16 S Ste 2A,Bandera,TX,78063,29.7412,-99.0282,78,1098,3.657,726.8938079,"7,800,378,010",1355,388,65,8
2,Bankhead Brewing Co.,Brewpub,2/11/2016,Open,0,293554,3840 Main St,Rowlett,TX,75088,32.9027,-96.5656,44,7633,3.741,1157.900556,"7,508,975,043",9623,1825,111,2
0,Bar D Brewhouse,Brewpub,9/16/2011,Open,0,79142,213 N High St,San Saba,TX,76877,31.1967,-98.7184,11,401,2.956,2252.299248,"7,683,276,871",461,110,1,0
5,Bare Arms Brewing,Brewpub,3/13/2015,Open,0,207020,2515 La Salle Ave,Waco,TX,76711,31.5251,-97.1311,78,9455,3.584,1609.04485,"7,670,176,706",12625,3559,91,10
0,Barrow Brewing,Brewpub,4/2/2015,Open,0,260725,108 Royal Street,Salado,TX,76571,30.9428,-97.536,48,10096,3.614,1311.978333,"7,653,476,537",13266,5174,113,2
1,Basement Brewers Of Texas,Brewpub,8/17/2017,Open,0,372643,521 Clay St,Kerrville,TX,78028,30.0505,-99.1386,109,1054,3.792,698.1176505,"7,802,578,010",1200,305,68,0
5,Batch Craft Beer & Kolaches,Brewpub,11/8/2016,Open,0,388953,3220 Manor Rd,Austin,TX,78722,30.2872,-97.7031,10,79,4.042,565.9180093,"7,872,378,721",102,67,45,2
3,Battlehops Brewing,Brewpub,3/1/2018,Open,0,433670,6801 Hwy Blvd,Katy,TX,77494,29.7855,-95.8376,16,152,3.793,146.139294,"7,749,377,450",191,104,15,0
5,Bear King Brewing Company,Brewery,11/28/2018,Open,0,421863,207 Ave. G,Marble Falls,TX,78654,30.5703,-98.2749,14,1405,3.67,261.1803009,"7,865,778,639",1637,594,194,0
4,Bearded Fox Brewing Company,Brewpub,8/22/2018,Open,0,181217,"11729 Spring Cypress Road, Suite R",Tomball,TX,77070,30.0123,-95.6031,18,5212,3.701,1742.85,"7,742,977,379",6858,2840,80,0
1,Beerfoot Beach Bar,Brewpub,8/9/2005,Open,0,46947,2828 Seawall Blvd,Galveston,TX,77550,29.2859,-94.7942,154,2289,3.52,2526.011308,"7,755,177,590",2739,1523,9,0
4,Big River Brewery,Brewpub,4/10/2017,Open,0,335433,505 W. Nolana Loop,Pharr,TX,78577,26.2339,-98.1832,34,2200,3.659,930.1547106,"7,853,978,501",2679,854,36,0
5,Big Texan Brewery,Brewpub,7/9/1997,Open,0,13187,7701 I-40 East,Amarillo,TX,79104,35.1935,-101.755,29,12865,3.382,3048.897986,"7,910,379,107",15351,5099,102,0
5,Bitter Sisters Brewing Company,Brewery,8/22/2014,Open,0,72194,15103 Surveyor Blvd,Addison,TX,75001,32.9618,-96.8292,41,25463,3.708,2301.093299,"7,524,875,254",34149,15218,412,10
1,Blackwater Draw Brewing Company,Brewpub,8/19/2015,Open,0,67349,701 N MAIN,Bryan,TX,77803,30.6795,-96.3723,136,17223,3.75,2286.941238,"7,780,177,802",24305,6386,135,12
4,Blazing Tree Brewery,Brewpub,7/12/2017,Open,0,352567,11426 Rojas Dr Ste A13,El Paso,TX,79907,31.7392,-106.318,62,2482,3.724,830.9956944,"7,993,679,935",2955,792,76,0
1,Blue Owl Brewing,Brewpub,5/29/2014,Open,0,165600,2400 East Cesar Chavez St. #300,Austin,TX,78702,30.2549,-97.7177,128,65764,3.736,1828.929664,"7,870,178,741",85387,29698,730,32
5,Blue Star Brewing Company,Brewpub,5/13/1996,Open,0,3062,"1414 South Alamo, Suite 105",San Antonio,TX,78204,29.4101,-98.4956,31,21269,3.413,3261.129097,"7,820,578,207",25951,8403,204,2
4,Bluebonnet Beer Company,Brewery,4/1/2014,Open,0,168065,1700 Bryant Drive Unit 107,Round Rock,TX,78664,30.4919,-97.647,51,5492,3.725,1814.867257,"7,866,578,728",7478,2378,43,0
2,Boerne Brewery,Brewpub,12/16/2016,Open,0,105991,9 Hill View Ln,Boerne,TX,78006,29.8068,-98.734,9,4730,3.378,2113.160127,"7,801,578,255",6006,3225,52,2
5,BrainDead Brewing,Brewpub,2/11/2015,Open,0,185850,2625 Main St,Dallas,TX,75226,32.7838,-96.7854,227,67430,3.717,1725.81103,"7,520,275,201",80962,22734,1008,6
1,Brash Brewing Company,Brewpub,2/24/2014,Open,0,34146,510 W Crosstimbers Rd,Houston,TX,77018,29.8281,-95.4061,50,124258,3.981,2668.387836,"7,702,277,008",180016,51256,1311,50
1,Bray’s Smoksehouse,Brewpub,9/17/2018,In the works,0,438226,"1500 S Brahma Blvd,",Kingsville,TX,78363,27.5028,-97.8555,5,24,0,113.9514931,"7,837,978,375",22,8,0,0
1,Brazos Valley Brewing,Brewpub,5/12/2015,Open,0,9508,201  W. First St.,Brenham,TX,77833,30.1647,-96.3987,79,50806,3.713,3157.347488,"7,893,177,835",66942,23097,792,78
1,Brews Brothers,Brewpub,5/16/2013,Open,0,52797,2404 Strand,Galveston,TX,77550,29.307,-94.7959,17,588,4.172,2468.816377,"7,755,177,590",739,365,0,0
4,Brewsome Brewery,Brewpub,11/19/2018,Open,0,424047,1303 N 10th St,McAllen,TX,78501,26.2154,-98.2282,15,413,3.047,238.0092361,"7,857,778,504",471,114,13,0
5,Brick Vault Brewery And BBQ,Brewpub,6/4/2018,Open,0,386390,103 1st St,Marathon,TX,79830,30.2052,-103.245,32,548,3.83,587.8891435,,647,212,22,0
5,Brotherwell Brewing,Brewery,11/9/2017,Open,0,185400,400 E Bridge St,Waco,TX,76704,31.5645,-97.1243,14,2398,3.676,594.0230208,"7,670,176,707",3080,1176,112,4
1,Brutal Beerworks,Brewpub,2/28/2019,Open,0,178427,8447 Boulevard 26,North Richland Hills,TX,76180,32.8343,-97.2289,58,3883,3.818,1764.89213,"7,614,876,117",4617,896,341,2
4,BS Brewing,Brewpub,2/6/2015,Open,0,426310,1408 Old Lehmann Rd,Seguin,TX,78155,29.6882,-97.9021,44,4921,3.691,2329.943472,"7,863,878,655",6735,3275,11,0
2,Buffalo Bayou Brewing,Brewery,9/24/2018,Open,0,15624,5301 Nolda Street,Houston,TX,77007,29.7762,-95.4159,189,177733,3.713,2989.872465,"7,700,877,019",244197,56695,2131,250
5,Bull Creek Brewing ,Brewery,3/12/2013,Open,0,208827,7100 FM 3405,Liberty Hill,TX,78642,30.7052,-97.8702,33,2710,3.644,1600.909838,"7,863,378,605",3529,1683,38,2
1,Busted Sandal Brewing,Brewpub,10/17/2016,Open,0,69502,7114 Oaklawn Drive,San Antonio,TX,78229,29.4997,-98.5558,93,24340,3.593,2263.180046,"7,820,178,213",33245,15778,231,22
3,By The Horns Brewing,Brewpub,10/31/2017,Open,0,420484,109 S. Main St. suite 200,Mansfield,TX,76063,32.5626,-97.1415,14,1235,3.623,274.9639005,"7,600,176,002",1454,502,64,0
5,Cactus Land Brewing Co.,Brewpub,6/3/2016,Open,0,167945,368 County Road 325,Adkins,TX,78101,29.2896,-98.2543,88,4266,3.967,1824.7864,"7,826,378,223",5186,936,140,0
5,Caracara Brewing Company ,Brewpub,7/26/2017,Open,0,381243,100 A E. Market St,Lockhart,TX,78644,29.8836,-97.672,16,806,3.664,634.9973958,"7,861,678,656",971,445,1,0
0,Cedar Creek Brewery,Brewpub,6/12/2014,Open,0,10537,336 E. Cedar Creek Pkwy,Seven Points,TX,75105,32.323,-96.2068,33,61038,3.672,3129.781609,"7,515,675,143",86750,38179,65,10
2,Celestial Beerworks,Brewpub,7/6/2018,Open,0,360425,2530 Butler St,Dallas,TX,75219,32.82,-96.8331,87,23271,4.121,732.1968403,"7,523,575,209",28893,5522,1955,56
4,Celis Brewery,Brewery,5/15/2017,Open,0,305923,10001 Metric Blvd,Austin,TX,78758,30.3797,-97.716,48,39291,3.643,1092.8964,"7,875,778,759",51904,24678,321,12
1,Cellarman’s Pub & Brewery,Brewpub,4/25/2017,Open,0,381643,2130 Texoma Pkwy,Sherman,TX,75020,33.6619,-96.5995,21,817,3.689,630.8666551,"7,509,075,414",952,264,49,0
2,Central District Brewing,Brewpub,11/9/2018,Open,0,148155,417 Red River St,Austin,TX,78701,30.2651,-97.7373,24,2195,3.687,1915.096285,"7,871,278,702",2571,876,374,56
2,Cibolo Creek Brewing Co.,Brewpub,9/14/2015,Open,0,131905,488 S Main St,Boerne,TX,78006,29.7897,-98.7297,158,5221,3.856,1921.152569,"7,801,578,255",6831,1502,82,0
4,Circle Brewing Co.,Brewpub,4/24/2018,Open,0,7620,"2340 W Braker Ln., Suite B",Austin,TX,78758,30.3911,-97.7159,32,37349,3.618,3194.963044,"7,875,978,727",50226,21147,248,8
4,City Acre Brewing,Brewpub,3/1/2013,Open,0,17811,3418 Topping Street,Houston,TX,77093,29.857,-95.3351,117,8349,3.726,2928.365174,"7,701,677,076",10571,2473,130,6
5,Community Beer Company,Brewery,2/1/2013,Open,0,48372,1530 Inspiration Dr,Dallas,TX,75207,32.7909,-96.8158,213,198836,3.799,2511.176181,"7,520,175,270",302335,89057,2354,46
1,Compadre Brewing,Brewpub,11/9/2018,Open,0,429867,16920 Joe Barbee Dr Bldg 1,Pflugerville,TX,78728,30.47,-97.6646,18,955,3.587,182.0392477,"7,866,478,727",1157,308,44,0
1,Copperhead Brewery,Brewpub,7/12/2018,Open,0,162786,822 N. Frazier St,Conroe,TX,77301,30.3167,-95.4633,41,24753,3.902,1844.779826,"7,730,477,384",34612,11451,458,48
5,Cowtown Brewing Co.,Brewpub,9/17/2018,Open,0,305104,1301 E Belknap St,Fort Worth,TX,76102,32.762,-97.324,23,8538,3.761,1106.252662,"7,611,176,104",10945,3020,591,98
3,Cranky Britches Brewing Co.,Brewpub,1/11/2018,Open,0,74833,1675 Dickinson Ave. Ste. C,Dickinson,TX,77573,29.4855,-95.0471,42,1053,4.045,2281.893183,"7,753,977,565",1233,446,1,0
2,Cycler's Brewing,Brewpub,7/30/2018,Open,0,42771,12684 FM 149 Rd,Montgomery,TX,77356,30.3642,-95.6964,35,13197,3.587,2568.343808,"7,731,677,318",17489,8581,52,0
5,Cypress Creek Southern Ales,Brewery,8/18/2017,Open,0,340519,200 E Carnegie St,Winnsboro,TX,75494,32.9558,-95.2895,47,1481,4.22,900.9994792,"7,547,175,480",2801,186,96,0
5,DeadBeach Brewery,Brewpub,9/11/2014,Open,0,234073,406 S Durango St,El Paso,TX,79901,31.7554,-106.492,151,9617,3.752,1459.83765,"7,990,279,903",11752,3340,123,0
5,Deep Ellum Brewing Company,Brewery,3/17/2017,Open,0,11028,2823 St Louis st,Dallas,TX,75226,32.7808,-96.7817,67,291639,3.737,3107.833657,"7,524,675,202",442715,126022,3172,99
1,Denton County Brewing Company,Brewpub,4/21/2016,Open,0,178455,200 E McKinney St,Denton,TX,76201,33.2148,-97.1331,103,6105,3.874,1764.852222,"7,620,976,205",7492,2145,229,4
3,Dirty Job Brewing,Brewery,5/4/2017,Open,0,226688,117 N. Main St,Mansfield,TX,76063,32.5643,-97.1422,51,2875,3.423,1502.888275,"7,600,176,002",3417,726,17,0
4,Division Brewing,Brewpub,8/10/2015,Open,0,198462,506 E. Main,Arlington,TX,76010,32.7363,-97.1022,159,20935,3.882,1656.334317,"7,601,176,006",27131,4107,305,12
2,Dodging Duck Brewhaus,Brewpub,2/5/2002,Open,0,7514,402 River Road,Boerne,TX,78006,29.7899,-98.7259,147,4409,3.661,3197.973032,"7,801,578,255",5310,1546,55,0
5,Dorćol Distilling + Brewing Co.,Brewery,9/24/2015,Open,0,292601,"1902 S Flores St,",San Antonio,TX,78204,29.4057,-98.5023,27,6002,3.698,1161.893993,"7,820,778,205",7532,4001,125,6
5,Double Horn Brewing Company,Brewpub,4/13/2011,Open,0,13415,208 Avenue H,Marble Falls,TX,78654,30.5711,-98.2767,65,5512,3.644,3042.863634,"7,865,778,639",6856,2570,45,2
1,Eccentric Brewing Company,Brewery,5/4/2018,Open,0,399986,1402 Cotton Flat Road,Midland,TX,79701,31.9803,-102.095,16,1052,3.741,469.3122454,"7,970,379,705",1526,495,39,0
5,Edgewise Eight Brewing,Brewery,10/17/2018,Open,0,358992,,Weatherford,TX,76086,32.7593,-97.7973,24,373,3.881,733.1595949,"7,608,776,085",479,203,12,0
5,El Paso Brewing Company,Brewpub,5/16/2016,Open,0,298229,810 Texas Avenue,El Paso,TX,79901,31.7622,-106.481,31,3366,3.541,1070.809225,"7,990,279,903",3915,1257,58,0
0,Eola School Brewery & Restaurant,Brewpub,8/9/2013,Open,0,10231,12119 Farm Road 381,Eola,TX,76937,31.3976,-100.09,25,1076,3.5,3128.18919,"7,694,076,955",1504,709,7,0
1,ETX Brewing Company,Brewpub,9/24/2018,Open,0,288657,221 S Broadway Ave,Tyler,TX,75702,32.3487,-95.301,81,5294,3.665,1181.972766,"7,570,175,709",6861,1496,86,14
2,Family Business Beer Company,Brewpub,10/15/2018,Open,0,378401,19510 Hamilton Pool Rd,Dripping Springs,TX,78738,30.2922,-98.0778,44,10758,3.657,662.8866088,"7,862,078,669",12804,3357,384,46
1,Fetching Lab Brewery,Brewpub,12/2/2016,Open,0,204685,221 6th St N,Texas City,TX,77590,29.3869,-94.9029,54,6871,3.65,1622.043438,"7,756,877,591",8622,3856,16,0
5,Flying Man Brewing,Brewpub,12/6/2016,Open,0,362120,2400 Patterson Industrial Dr.,Austin,TX,78754,30.4021,-97.6284,36,4986,3.579,770.2499537,"7,866,078,753",6340,2771,116,8
5,Fort Brewery and Pizza,Brewpub,7/23/2018,Open,0,58169,1001 W. Magnolia Avenue,Fort Worth,TX,76104,32.7304,-97.3352,118,14377,3.665,2418.17412,"7,611,076,102",19049,4717,118,0
4,Fortress BeerWorks,Brewpub,12/17/2018,Open,0,425065,2606 Spring Cypress Rd.,Spring,TX,77388,30.0674,-95.4586,11,1364,3.701,227.9258449,"7,706,877,379",1645,663,77,0
1,Four Bullets Brewery,Brewery,10/7/2014,Open,0,48543,640 N. Interurban St.,Richardson,TX,75081,32.9592,-96.7261,22,7260,3.599,2509.982755,"7,508,075,243",9660,3537,149,2
0,Four Corners Brewing Company,Brewery,5/15/2017,Open,0,29815,1311 S Ervay St,Dallas,TX,75202,32.772,-96.7918,133,95929,3.597,2735.183241,"7,527,075,226",136244,50879,1076,28
1,Franconia Brewing Company ,Brewery,1/23/2008,Open,0,7329,495 McKinney Pkwy,McKinney,TX,75069,33.2134,-96.6091,79,60072,3.525,3293.921389,"7,545,475,071",84373,32449,357,2
1,Fredericksburg Brewing Co.,Brewpub,3/23/1994,Open,0,5796,245 East Main Street,Fredericksburg,TX,78624,30.2734,-98.8702,38,14696,3.452,3274.206597,"7,867,178,675",17978,6279,176,60
5,Fredonia Brewery,Brewpub,2/4/2016,Open,0,328418,138 N Mound St,Nacogdoches,TX,75965,31.6035,-94.6518,20,6179,3.528,971.042581,"7,596,475,961",7557,4098,199,8
2,Frisky Brewing Company,Brewpub,9/1/2017,Open,0,445809,7050 Tres Hermanas Blvd.,Odessa,TX,79765,31.9052,-102.299,2,16,3.344,40.25767361,"7,976,279,761",23,19,17,10
2,Frontyard Brewing,Brewery,5/8/2017,Open,0,383520,1607 Cuernavaca Dr North Unit #202,Austin,TX,78733,30.3394,-97.8634,6,1113,3.954,622.9690856,"7,873,078,732",1419,1058,32,0
4,Fulbrook Ale Works,Brewery,11/17/2017,Open,0,375720,1125 FM 359,Richmond,TX,77407,29.6119,-95.7438,38,2896,3.716,677.0224537,"7,740,677,498",3804,1493,109,0
5,Funky Picnic Brewery & Cafe,Brewpub,1/2/2019,Open,0,386590,401 BRYAN AVE,Fort Worth,TX,76104,32.7403,-97.3247,30,2322,3.76,585.2296644,"7,610,276,110",2886,716,402,0
4,Galveston Bay Beer Company,Brewery,8/12/2014,Open,0,173145,12900 FM 3436 Rd,Dickinson,TX,77539,29.4836,-95.0086,90,9941,3.623,1787.267801,"7,751,877,565",13087,4631,64,0
1,Galveston Island Brewing,Brewpub,3/7/2014,Open,0,104005,8423 Stewart Road,Galveston,TX,77551,29.2557,-94.8491,140,33635,3.731,2038.98162,"7,755,077,563",44837,13127,435,0
5,Gilmer Brewing Company,Brewery,9/6/2018,Open,0,372138,101 Tyler Steet,Gilmer,TX,75645,32.7285,-94.9447,9,264,3.671,709.0624074,"7,564,475,755",289,93,6,0
0,Goliad Brewing Company,Brewery,12/10/2013,Open,0,113303,252 Metting Rd.,Goliad,TX,77963,28.6683,-97.3883,18,22371,3.527,2069.050938,"7,797,478,141",30578,14924,3,0
4,Gordon Street Tavern,Brewpub,10/17/2013,Open,0,204792,114 N Gordon St,Alvin,TX,77546,29.4238,-95.2441,30,1078,3.711,1621.227616,"7,751,777,578",1354,598,4,0
0,Granger City Brewing Company,Brewpub,6/5/2015,Open,0,350290,109 W Davilla St,Granger,TX,76530,30.7175,-97.4443,22,328,3.59,844.1180556,"7,651,176,574",380,140,4,0
1,Great Heights Brewing Company,Brewpub,12/6/2016,Open,0,232167,938 Wakefield Dr.,Houston,TX,77018,29.8219,-95.4223,33,17443,3.844,1182.18103,"7,700,877,022",21693,6152,512,0
3,Guadalupe Brewing,Brewpub,1/11/2017,Open,0,24397,1580 Wald Rd,New Braunfels,TX,78130,29.6848,-98.1633,262,36176,3.894,2811.880475,"7,813,278,108",48749,15257,322,22
3,Hedgehog Brewing,Brewery,1/23/2019,Open,0,427843,3200 Woodall Dr Unit C1,Cedar Park,TX,78641,30.5149,-97.877,6,439,3.859,210.0696065,"7,861,378,726",578,455,202,99
2,Hemisphere Brewing ,Brewery,6/1/2016,Open,0,330978,2015 Kristy Ln,Rockwall,TX,75087,32.9126,-96.4405,39,2645,3.773,966.9635417,"7,503,275,088",3478,925,87,22
0,Hi Sign Brewing,Brewpub,11/2/2017,Open,0,324542,1201 Bastrop Hwy,Austin,TX,78742,30.2268,-97.6802,76,17027,3.74,994.9091319,"7,874,178,702",21173,8915,321,14
2,Hitmaker Brewing Company,Brewpub,10/2/2017,Open,0,392114,11160 Circle Dr,Austin,TX,78737,30.2248,-97.953,12,2134,3.585,537.9725579,"7,873,678,739",2620,1553,108,0
2,Hold Out Brewing,Brewpub,12/12/2018,In the works,0,405455,1208 W. 4th,Austin,TX,78701,30.2714,-97.7589,10,24,0,361.964537,"7,870,378,705",31,14,9,0
4,Hop And Sting Brewing Company,Brewery,10/24/2017,Open,0,330503,906 Jean St,Grapevine,TX,76051,32.9326,-97.0748,43,24384,3.644,956.2214352,"7,609,276,034",32243,15980,858,16
5,HopFusion Ale Works,Brewery,1/29/2016,Open,0,197427,200 E Broadway Ave,Fort Worth,TX,76104,32.7416,-97.3247,92,41972,3.793,1656.905289,"7,610,276,110",57368,16754,797,60
0,Horny Toad Brewing Company,Brewpub,6/2/2014,Open,0,56319,313 Edward Street,Rowena,TX,76875,31.6474,-100.042,33,1407,3.55,2434.152188,"7,682,176,861",1889,755,17,0
5,Huff Brewing Company,Brewpub,5/12/2015,Open,0,53963,9805 Koehn Rd,Bellville,TX,77418,29.9502,-96.2572,15,2590,3.578,2456.346458,"7,742,677,474",3258,1992,6,0
1,Humperdinks Brewpub,Brewpub,8/31/2006,Open,1,13640,6050 Greenville Ave,Dallas,TX,75206,32.8586789,-96.7679845,0,10423,3.285,3284.925498,"7,522,875,218",12914,5086,1,0
4,Independence Brewing Co.,Brewery,9/22/2004,Open,0,2252,3913 Todd Lane #607,Austin,TX,78741,30.2131,-97.7358,25,164851,3.649,3276.923831,"7,870,478,744",244021,86142,1734,57
5,Infamous Brewing Company,Brewpub,2/1/2017,Open,0,38839,4602 Weletka Drive,Austin,TX,78645,30.4068,-97.9259,51,36312,3.621,2444.052326,"7,873,478,732",48417,23990,94,2
4,Ingenious Brewing Company,Brewpub,7/24/2017,Open,0,325323,1986 S Houston Ave.,Humble,TX,77396,29.9754,-95.2619,521,74118,4.083,991.0995949,"7,733,877,032",89177,12843,3072,110
4,Islla St Brewing,Brewpub,6/1/2018,Open,0,340882,11911 Crosswinds Way Unit 201,San Antonio,TX,78233,29.5478,-98.3764,84,5142,3.999,907.9781597,"7,823,978,247",6167,984,471,34
1,Ivanhoe Ale Works,Brewery,1/2/2015,Open,0,204652,220 West Main St,Denison,TX,75020,33.7551,-96.5378,19,1025,3.502,1622.10169,"7,502,174,733",1371,497,14,0
1,Javelina Watering Hole Brewing Co.,Brewpub,11/19/2018,Open,0,426380,1021 S 14th,Kingsville,TX,78363,27.5069,-97.8569,8,108,3.513,224.1927199,"7,837,978,343",121,35,0,0
2,Jester King Brewery,Brewpub,8/15/2013,Open,0,5291,13187 Fitzhugh Rd. Bldg B,Austin,TX,78737,30.2323,-97.9998,267,603472,4.022,3275.012801,"7,873,878,620",780724,128927,4184,156
5,Künstler Brewing,Brewpub,10/7/2016,Open,0,101164,302 E Lachapelle,San Antonio,TX,78204,29.4049,-98.5001,93,14663,3.855,2128.89169,"7,820,778,205",17800,3489,343,2
1,Karbach Brewing Co,Brewery,3/7/2011,Open,0,14665,2032 Karbach St,Houston,TX,77092,29.8059,-95.461,84,514574,3.736,2992.275613,"7,705,577,008",820923,167329,6352,450
5,Kinematic Brewing Company ,Brewpub,9/8/2014,Open,0,220760,,Comfort,TX,78013,29.9677,-98.905,25,722,3.781,1538.040995,"7,801,078,006",875,267,1,0
1,Klaus Brewing Company,Brewpub,6/19/2018,Open,0,407109,10142 Jones Rd,Houston,TX,77065,29.9203,-95.5841,15,3048,3.726,404.9548843,"7,706,477,095",3602,1400,177,2
1,Krootz Brewing Company,Brewpub,7/23/2018,Open,0,429426,315 West Elm St.,Gainesville,TX,76240,33.6252,-97.1476,7,307,3.755,196.0207292,"7,625,076,272",370,121,34,0
1,Lakewood Brewing Company,Brewery,5/1/2012,Open,0,11862,2302 Executive Dr,Garland,TX,75238,32.8899,-96.6809,89,239668,3.891,3084.006169,"7,504,175,042",371252,77763,2138,50
5,Landon Winery,Brewery,3/9/2017,In the works,0,356910,2508 Lee Street,Greenville,TX,75402,33.1401,-96.1067,5,61,3.534,814.0411806,"7,540,175,135",67,34,0,0
4,Last Stand Brewing Company,Brewpub,7/30/2014,Open,0,171164,7601 South Congress Avenue,Austin,TX,78745,30.1827,-97.7816,125,20776,3.719,1798.024213,"7,874,478,748",25765,10186,178,4
1,Lazarus Brewing Company,Brewpub,6/9/2016,Open,0,315033,1902 E 6th St,Austin,TX,78702,30.2617,-97.722,88,34398,3.72,1044.890856,"7,870,178,712",40159,11094,683,56
1,Lazy Beach Brewing,Brewpub,3/1/2016,Open,0,134532,7522 Bichon,Corpus Christi,TX,78414,27.6538,-97.3724,126,8149,3.658,1975.816759,"7,841,378,412",10427,2609,65,0
4,Legal Draft Beer Co.,Brewery,4/1/2016,Open,0,235234,500 E Division St,Arlington,TX,76010,32.7382,-97.1025,56,50907,3.524,1224.765509,"7,601,176,006",63984,25000,765,16
0,Live Oak Brewing Company,Brewery,10/20/2015,Open,0,797,1615 Crozier Lane,Austin,TX,78742,30.22,-97.6608,41,105327,3.715,3299.983727,"7,872,578,741",168967,61839,1153,34
1,Loco Meaux,Brewpub,6/22/2018,In the works,0,430173,302 East Main Street,Kilgore,TX,75662,32.3854,-94.8749,10,149,3.687,180.1190162,"7,568,475,604",184,50,13,0
2,Lone Pint Brewery,Brewery,9/10/2012,Open,0,47425,507 Commerce Street,Magnolia,TX,77354,30.2089,-95.7514,45,116273,3.899,2521.927269,"7,735,577,362",207239,67816,925,32
1,Longtab Brewing Company,Brewpub,5/16/2018,In the works,0,361756,"4700 Timco West, Suite 105",San Antonio,TX,78238,29.4788,-98.5954,2,6,0,783.8138889,"7,822,878,229",6,4,0,0
5,Lorelei Brewing Company,Brewery,11/26/2018,Open,0,249178,"520 NAS Dr, Bldg 2",Corpus Christi,TX,78419,27.6743,-97.2793,41,10805,3.759,1363.096505,"7,841,278,414",15374,5370,174,0
0,Mad Pecker Brewing Co.,Brewpub,6/18/2015,Open,0,23011,6025 Tezel Rd #122,San Antonio,TX,78205,29.4241,-98.4936,95,6121,3.906,2776.89125,"7,821,578,204",8209,1918,181,0
5,Martin House Brewing Company,Brewery,11/8/2012,Open,0,27621,220 South Sylvania Avenue,Fort Worth,TX,76102,32.7637,-97.3098,448,276126,3.77,2765.067836,"7,611,176,104",376927,68052,5412,142
4,Megaton Brewery,Brewpub,10/10/2017,Open,0,420164,808 Russell Palmer Rd,Kingwood,TX,77339,30.065,-95.2266,48,1654,3.784,278.1367014,"7,734,577,365",1984,586,51,0
4,Middleton Brewing - MBTX,Brewpub,7/15/2011,Open,0,15206,101 Oakwood Loop,San Marcos,TX,78666,29.9309,-98.0717,126,17112,3.696,2994.193912,"7,867,678,133",21771,7059,130,8
5,Neches Brewing Company,Brewpub,6/9/2016,Open,0,293693,1108 Port Neches Ave,Port Neches,TX,77651,29.9918,-93.9585,37,3289,3.75,1148.27735,"7,762,777,611",4279,902,46,4
3,New Braunfels Brewing Company,Brewpub,10/23/2013,Open,0,27535,180 West Mill St.,New Braunfels,TX,78130,29.703,-98.1266,69,32068,3.645,2766.975405,"7,813,278,123",40226,14720,269,4
1,New Main Brewing Company,Brewpub,11/28/2017,Open,0,287138,3533 Marathon Street,Pantego,TX,76013,32.7131,-97.1609,81,2863,3.814,1188.925185,"7,601,676,015",4007,1138,143,0
4,New Republic Brewing Company,Brewery,3/16/2011,Open,0,8767,11405 N Dowling Rd,College Station,TX,77840,30.565,-96.3501,120,24311,3.635,3165.914711,"7,780,177,845",35530,11379,164,0
3,No Label Brewing Company,Brewpub,10/17/2017,Open,0,7188,5351 1st Street,Katy,TX,77494,29.7866,-95.8146,162,118679,3.606,3211.758681,"7,749,377,450",164984,45790,457,6
2,Noble Rey Brewing Company,Brewpub,6/12/2015,Open,0,45011,2636 Farrington,Dallas,TX,75219,32.8031,-96.8416,108,57478,3.617,2545.123958,"7,523,575,207",73257,26985,123,6
0,Nocona Beer & Brewery,Brewpub,1/17/2019,Open,0,382898,915 E Highway  82,Nocona,TX,76255,33.7889,-97.7153,30,1126,3.653,619.795,"7,625,176,265",1386,653,31,2
4,Nomadic Beerworks,Brewpub,9/18/2018,Open,0,432017,3804 Woodbury Dr - Suite A,Austin,TX,78704,30.2244,-97.7606,23,1915,3.743,161.0332292,"7,874,178,745",2280,593,205,0
0,Nueces Brewing Company,Brewpub,4/16/2019,Open,0,433595,401 S Water St,Corpus Christi,TX,78401,27.7887,-97.3957,12,968,3.593,146.9327894,"7,840,478,407",1203,310,82,0
4,NXNW Brewing Company,Brewpub,8/27/1999,Open,0,3847,10010 Capital Of TX Hwy N,Austin,TX,78759,30.3912,-97.7383,135,32279,3.701,3252.112211,"7,875,878,757",43162,11737,278,20
1,Oak Cliff Brewing Co,Brewery,4/4/2018,Open,0,269352,1300 S Polk St.,Dallas,TX,75208,32.7327,-96.8389,31,8445,3.83,1273.089282,"7,522,475,233",10385,3861,415,30
1,Oak Highlands Brewery,Brewery,5/18/2015,Open,0,65272,10484 Brockwood Road,Dallas,TX,75238,32.8901,-96.7046,110,46792,3.709,2355.999178,"7,524,375,042",62740,20283,477,18
2,Oasis Texas Brewing Company,Brewpub,3/19/2014,Open,0,128836,"6550 Comanche Trail, Suite 301",Austin,TX,78732,30.4059,-97.874,99,81007,3.602,2000.138692,"7,872,678,730",111742,39822,407,10
2,Oddwood Ales,Brewpub,4/3/2017,Open,0,167467,3108 Manor Rd,Austin,TX,78701,30.2672,-97.7431,101,12658,3.992,1817.957894,"7,871,278,705",15346,6002,237,4
1,Ode Brewing Co,Brewpub,2/5/2015,Open,0,227023,3233 N. Mesa St.,El Paso,TX,79902,31.782,-106.506,60,7348,3.649,1500.893507,"7,990,179,922",8802,2060,52,0
5,Oil Horse Brewing Company,Brewpub,11/22/2017,Open,0,268478,101 West Tyler Street,Longview,TX,75601,32.4955,-94.7403,35,2188,3.717,1272.153889,"7,560,275,604",3173,685,24,0
3,Old Texas Brewing Co.,Brewpub,5/2/2013,Open,0,395316,112 W Ellison St,Burleson,TX,76028,32.5423,-97.3216,10,223,3.105,519.9915162,"7,603,676,140",269,140,13,0
5,Old Town BrewHouse,Brewery,11/4/2013,Open,0,71438,146 Whatley Ave,Lewisville,TX,75057,33.0437,-96.9932,41,29256,3.754,2292.305613,"7,506,775,028",38736,12784,100,0
5,O'Neil And Sons Brewing Company,Brewpub,6/3/2016,Open,0,217887,502 Half League Road,Port Lavaca,TX,77979,28.6138,-96.636,13,151,4.03,1552.096157,"7,798,377,971",195,64,0,0
2,Orf Brewing,Brewery,1/6/2016,Open,0,16504,1601 E 5th Street Ste 108,Austin,TX,78701,30.2619,-97.7268,17,1303,3.589,2953.019942,"7,870,278,712",1618,733,23,0
0,Padre Island Brewing Company,Brewpub,5/29/2007,Open,0,5301,3400 Padre Boulevard,South Padre Island,TX,78597,26.1094,-97.1686,25,6457,3.389,3235.173009,"7,857,878,521",8188,2305,21,2
5,Panther Island Brewing,Brewpub,5/17/2018,Open,0,25578,501 N Main St,Fort Worth,TX,76102,32.7639,-97.3378,105,29358,3.7,2794.885648,"7,616,476,111",39278,14716,406,8
1,Pappy Slokum Brewing Co.,Brewpub,1/27/2014,Open,0,139912,409 South Treadaway,Abilene,TX,79605,32.4446,-99.7272,125,3678,3.738,1951.221204,"7,960,779,606",5017,1783,49,0
5,Parker County Brewing Company,Brewpub,11/30/2017,Open,0,385579,"225 Shops Blvd, Suite 105",Willow Park,TX,76085,32.7438,-97.6591,46,2901,3.634,594.1834259,"7,600,876,086",3631,948,123,4
0,Pecan Point Brewing Company,Brewpub,5/16/2014,Open,0,166919,213 Main St,Texarkana,TX,75569,33.4214,-94.0446,16,1154,3.37,1821.020637,"7,185,475,503",1323,532,33,4
0,Pecan Street Brewing,Brewpub,11/17/2016,Open,0,16100,106 East Pecan Dr.,Johnson City,TX,78636,30.2776,-98.4112,70,7201,3.616,2966.118519,"7,866,378,635",8603,2541,47,0
2,Pegasus City Brewery,Brewery,1/24/2017,Open,0,336618,2222 Vantage St,Dallas,TX,75219,32.7993,-96.8339,27,17497,3.677,923.9740856,"7,520,775,201",22271,8402,426,8
2,Peticolas Brewing Company,Brewery,8/25/2011,Open,0,13688,2026 Farrington St.,Dallas,TX,75219,32.7964,-96.8285,37,129430,3.874,3035.851065,"7,520,775,201",208322,42796,1299,50
1,Pint & Plow Brewing Company,Brewpub,4/9/2018,Open,0,259746,332 Clay St,Kerrville,TX,78028,30.0494,-99.141,9,2454,3.643,1324.980706,"7,802,578,010",3053,1166,54,10
0,Pondaseta Brewing Co,Brewpub,5/15/2018,Open,0,338509,7500 SW 45th Avenue,Amarillo,TX,79121,35.1621,-101.923,96,6006,3.963,910.7898958,"7,910,979,110",7753,1342,281,14
0,Primal Brewing Co. ,Brewpub,4/18/2019,Open,0,432372,140 Market St,Baird,TX,79504,32.3947,-99.3937,10,78,3.891,167.9128935,"7,951,076,464",89,25,5,0
5,Rabbit Hole Brewing,Brewpub,6/21/2017,Open,0,45012,608 Topeka Ave,Justin,TX,76247,33.0894,-97.2955,66,43831,3.68,2545.112373,"7,626,276,226",61614,20577,185,10
4,Rabble-Rouser Brewing Co,Brewery,9/28/2015,Open,0,270055,999 US 83-S Business,McAllen,TX,78501,26.2034,-98.23,62,541,3.769,1274.975903,"7,857,778,503",648,283,0,0
5,Rahr & Sons Brewing Company,Brewery,7/20/2004,Open,0,1038,701 Galveston Ave,Fort Worth,TX,76104,32.7366,-97.3274,34,279792,3.626,3277.030995,"7,610,276,110",414642,113812,2436,82
0,Railroad Brewing Co.,Brewpub,5/18/2006,Open,0,102174,1214 N Chapparral St,Corpus Christi,TX,78401,27.803,-97.3941,11,3315,3.398,2123.903287,"7,840,478,407",3823,1162,41,2
1,Ranger Creek Brewing & Distilling,Brewery,8/13/2010,Open,0,2922,4834 Whirlwind Dr.,San Antonio,TX,78239,29.5295,-98.3969,100,73326,3.687,3263.921968,"7,821,778,233",102491,34158,388,0
0,Real Ale Brewing Company,Brewery,4/13/1999,Open,0,1044,231 San Saba Ct,Blanco,TX,78606,30.1133,-98.4128,276,455701,3.692,3306.264282,"7,802,778,635",693814,151961,3595,106
0,Rebel Toad Brewing Co.,Brewpub,3/17/2015,Open,0,244075,425 William St.,Corpus Christi,TX,78401,27.7942,-97.3947,42,3482,3.774,1404.773495,"7,840,478,407",4669,1246,43,0
0,Red Gap  Brewing,Brewery,5/2/2017,Open,0,345151,712 Conrad Hilton Blvd,Cisco,TX,76437,32.3881,-98.9797,25,4728,3.639,882.1907523,"7,644,876,435",5889,3011,276,18
2,Red Horn Coffee House and Brewing Co. ,Brewpub,10/27/2014,Open,0,196698,"13010 W Parmer Lane, Ste 800",Cedar Park,TX,78717,30.5336,-97.781,175,26774,3.928,1664.999213,"7,861,378,681",34551,7014,470,10
0,Redbone Magic Brewing Company,Brewpub,8/16/2018,Open,0,417950,1304 Texas Blvd,Texarkana,TX,75569,33.431,-94.0511,21,565,3.636,301.9366204,"7,550,375,501",677,185,40,2
1,Revolver Brewing,Brewery,12/13/2017,Open,0,30341,5600 Matlock Road,Granbury,TX,76049,32.4189,-97.6699,61,149421,3.661,2728.089896,"7,604,876,077",232902,94094,1844,54
0,Roadmap Brewing Co.,Brewpub,6/15/2018,Open,0,351603,723 NORTH ALAMO STREET,San Antonio,TX,78205,29.4319,-98.4823,40,6354,3.711,418.143669,"7,821,578,202",7616,1815,378,10
0,Rough Diamond Brewery,Brewpub,1/17/2018,Open,0,359316,101 Kendalia Circle,Spring Branch,TX,78027,29.9664,-98.4334,90,2797,3.633,789.9296991,"7,807,078,004",3344,1257,62,0
4,Roughhouse Brewing,Brewpub,9/27/2018,Open,0,358500,612 Oakwood Loop,San Marcos,TX,78666,29.9354,-98.0617,26,2409,3.752,796.0585417,"7,867,678,133",2916,1456,194,2
4,Ruggedman Brewing,Brewpub,8/30/2016,Open,0,318809,7600 S Old Bastrop Hwy,New Braunfels,TX,78666,29.7926,-98.0191,94,3951,3.787,1037.115729,"7,813,078,655",5690,1082,2,1
1,Saloon Door Brewing,Brewpub,1/20/2016,Open,0,260660,105 Magellan Cir,Webster,TX,77598,29.5269,-95.1195,103,24529,3.888,1312.788796,"7,757,377,058",33622,8879,687,18
5,San Gabriel River Brewery,Brewpub,7/7/2015,Open,0,273321,500 Chaparral Dr,Liberty Hill,TX,78642,30.713,-97.9013,17,886,3.415,1260.134711,"7,860,578,633",1087,455,26,0
5,Save The World Brewing Company,Brewpub,9/29/2017,Open,0,130116,1510 Resource Parkway,Marble Falls,TX,78654,30.6168,-98.264,31,23130,3.674,1993.952627,"7,865,778,639",28893,12304,289,4
4,Sean Patrick's Irish Pub,Brewpub,10/4/2010,Open,0,193131,202 E San Antonio St,San Marcos,TX,78666,29.882,-97.9396,63,796,3.672,1684.985336,"7,865,678,655",948,360,6,0
4,Seguin Brewing Company,Brewpub,8/1/2016,Open,0,172572,111 West Gonzales Street,Seguin,TX,78155,29.5654,-97.8928,24,6976,3.466,1790.126169,"7,812,378,638",8972,4311,76,4
3,Shannon Brewing Company ,Brewpub,3/30/2016,Open,0,88806,818 N. Main Street,Keller,TX,76244,32.947,-97.2537,87,36773,3.683,2189.933495,"7,624,876,177",49262,17432,519,4
5,Sigma Brewing Co.,Brewpub,6/5/2017,Open,0,297663,3118 Harrisburg Blvd unit #108,Houston,TX,77003,29.7492,-95.3435,76,28978,3.896,1146.007095,"7,701,077,002",35944,8213,955,54
0,Six Car Pub & Brewery,Brewpub,8/22/2017,Open,0,397107,625 S Polk St,Amarillo,TX,79101,35.2069,-101.837,45,2572,3.713,496.020706,"7,910,279,107",3096,853,96,10
1,Small Brewpub,Brewpub,9/24/2014,Open,0,97132,333 W. Jefferson Blvd,Dallas,TX,75208,32.7434,-96.8269,97,9128,3.751,2145.891377,"7,520,375,224",11885,4816,21,0
1,Sockdolager Brewing,Brewpub,9/1/2016,Open,0,330005,720 China Street,Abilene,TX,79605,32.4412,-99.727,63,1580,3.535,973.1301273,"7,960,779,606",1919,629,34,2
1,SoCo Taphouse & Brew Co.,Brewpub,3/10/2015,Open,0,198470,113 E Concho Ave Ste 210,San Angelo,TX,76903,31.4604,-100.433,27,579,3.773,1656.285382,"7,690,876,905",782,263,2,0
2,Soul Fire Brewing Co,Brewpub,10/11/2018,In the works,0,386749,206 North Oak St,Roanoke,TX,76262,33.0001,-97.228,15,278,3.629,594.2535648,"7,617,776,248",336,206,152,18
5,Southern Heights Brewing,Brewpub,9/1/2017,Open,0,367119,6014 Techni Center Dr Ste 2-101,Austin,TX,78721,30.2767,-97.6695,18,9602,3.897,746.1403356,"7,872,378,742",12326,3225,422,38
0,Southern Roots Brewing Company,Brewpub,2/7/2019,In the works,0,434622,219 N 8th St,Waco,TX,76701,31.5493,-97.1467,9,288,3.546,147.1208102,"7,670,776,711",348,122,204,22
1,Southern Star Brewing Company,Brewery,1/29/2009,Open,0,1172,1207 N Farm 3083 Road East,Conroe,TX,77301,30.3473,-95.4349,87,162343,3.69,3280.850428,"7,730,377,304",245081,76718,1223,44
4,Southern Yankee Beer Company,Brewpub,8/14/2018,Open,0,409351,930 FM 1960,Houston,TX,77073,30.0242,-95.4154,36,4833,3.774,383.2369792,"7,709,077,014",5784,1382,194,6
1,SpindleTap Brewery,Brewpub,4/14/2016,Open,0,226007,10622 Hirsch Rd,Houston,TX,77016,29.8682,-95.3144,60,79911,4.017,1507.290313,"7,709,377,028",115667,28224,2512,182
0,Spoetzl Brewery,Brewery,1/3/2000,Open,0,1179,603 East Brewery Street,Shiner,TX,77984,29.4291,-97.1705,76,1101492,3.417,3334.729884,"7,797,577,995",1741490,439480,8609,851
4,St Elmo Brewing Company,Brewpub,4/22/2016,Open,0,306224,440 E. St. Elmo Rd. Suite G-2,Austin,TX,78704,30.2164,-97.762,116,25966,3.73,1091.063831,"7,874,578,741",31615,8171,469,16
5,Steam Theory Brewing Company,Brewpub,2/28/2018,Open,0,130762,340 Singleton Blvd Suite 100,Dallas,TX,75207,32.7784,-96.8296,25,8254,3.685,1992.085868,"7,527,075,202",9673,2656,437,6
2,Suds Monkey Brewing Company,Brewpub,5/13/2016,Open,0,329990,"1032 Canyon bend Drive, Suite A",Dripping Springs,TX,78737,30.1944,-98.024,23,3477,3.614,964.1123495,"7,862,078,619",4293,1600,93,0
5,Sun Brewing Company,Brewpub,4/23/2014,Open,0,195771,101 Canutillo La Union Ave,Canutillo,TX,79835,31.9152,-106.603,40,141,3.657,1670.772789,"7,993,279,821",168,96,0,0
1,Tall City Brewing Co,Brewpub,11/27/2018,Open,0,333663,3303 W. Golf Course,Midland,TX,79703,32.0047,-102.121,8,22,4.1,951.205706,"7,970,179,707",44,20,37,14
5,Texas Ale Project,Brewery,3/28/2014,Open,0,134551,1001 N Riverfront Blvd,Dallas,TX,75207,32.7862,-96.8175,103,54996,3.711,1958.153623,"7,527,075,201",74630,29386,705,10
5,Texas Beer Company,Brewpub,8/7/2017,Open,0,269009,201 N Main St,Taylor,TX,76574,30.5689,-97.41,44,6641,3.584,1271.960394,"7,861,578,634",8259,4290,246,2
1,Texas Leaguer Brewing Company,Brewpub,8/18/2017,Open,0,124287,13503 Pike Rd,Missouri City,TX,77477,29.6277,-95.5478,107,7167,3.692,2017.908391,"7,703,177,071",10425,3782,323,10
1,The Blue Onion,Brewpub,4/3/2007,Open,0,112281,423 S. International BLVD.,Weslaco,TX,78596,26.1603,-97.9585,33,180,3.92,2072.959294,"7,857,078,559",232,104,6,2
1,The Brewer's Table (Texas),Brewpub,9/6/2017,Open,0,354788,4715 E 5th St,Austin,TX,78702,30.2528,-97.7022,21,2142,3.865,817.9668519,"7,872,178,741",2488,874,31,0
5,The Brewery LBK,Brewpub,12/17/2015,Open,0,390798,1204 Broadway #104,Lubbock,TX,79401,33.5848,-101.848,18,1700,3.689,545.9721296,"7,941,179,412",2134,560,71,2
5,The Brewery LBK,Brewpub,10/20/2014,Open,0,390798,1204 Broadway #104,Lubbock,TX,79401,33.5848,-101.848,18,1700,3.689,545.9721412,"7,941,179,412",2134,560,71,2
5,The Brewtorium - Brewery & Kitchen,Brewpub,4/3/2017,Open,0,294449,6015 Dillard Cir Ste A,Austin,TX,78751,30.326,-97.7167,44,8813,3.722,1153.073461,"7,875,278,756",10804,2723,212,4
5,The Collective Brewing Project,Brewpub,8/14/2014,Open,0,75899,112 St Louis Ave.,Fort Worth,TX,76104,32.7431,-97.3291,162,75364,3.819,2275.025347,"7,610,276,110",96817,27058,338,8
2,The Phoenix on Westheimer,Brewpub,1/11/2007,Open,0,195408,1915 Westheimer Rd,Houston,TX,77019,29.7425,-95.4077,29,794,3.554,1672.756782,"7,700,677,098",938,498,1,0
1,The Plains Brew Co,Brewery,2/5/2016,Open,0,317018,515 N. FM 179,Lubbock,TX,79416,33.6061,-102.01,5,441,3.302,1046.000162,"7,940,779,414",715,403,11,0
4,The Root Cellar Cafe And Brewery,Brewpub,5/1/2008,Open,0,46814,215 N LBJ,San Marcos,TX,78666,29.8837,-97.9404,77,1022,3.689,2527.847859,"7,865,678,655",1306,686,9,0
2,Thirsty Bro Brewing,Brewery,9/23/2016,Open,0,320254,141 E Main St,Royse City,TX,75189,32.9751,-96.3313,24,2657,3.592,1029.100394,"7,517,375,032",3371,1104,94,2
2,Thirsty Planet Brewing Company,Brewery,1/29/2010,Open,0,3587,11160 Circle Drive,Austin,TX,78737,30.2258,-97.9522,123,51898,3.6,3248.83706,"7,873,678,739",77741,39859,685,24
2,TKO Libations,Brewpub,2/14/2017,Open,0,367118,2520 King Arthur Blvd #109,Lewisville,TX,75010,33.0342,-96.8987,100,3373,3.613,726.9347106,"7,500,775,056",4077,1099,25,0
0,True Anomaly Brewing,Brewpub,10/16/2018,Open,0,10575,2012 Dallas St,Houston,TX,77010,29.7498,-95.3572,30,7585,3.884,3129.081262,"7,700,377,002",9190,2609,477,30
1,True Vine Brewing Company,Brewery,4/16/2018,Open,0,98683,2453 Earl Campbell Parkway,Tyler,TX,75701,32.3276,-95.3249,106,14782,3.733,2137.804236,"7,570,275,709",19417,6888,412,22
1,TUPPS Brewery,Brewery,2/13/2015,Open,0,196598,721 Anderson St.,McKinney,TX,75069,33.1972,-96.6398,67,98536,3.871,1664.204178,"7,507,075,013",130278,29870,3858,106
1,Turning Point Beer,Brewpub,1/12/2018,Open,0,313044,1307 Brown Trail,Bedford,TX,76053,32.835,-97.1626,95,76010,4.098,1056.125347,"7,602,276,054",97023,12941,3133,44
2,Tusculum Brewing Company,Brewpub,8/13/2018,Open,0,413407,236 S Main St,Boerne,TX,78006,29.792,-98.7311,11,245,3.696,342.8059144,"7,801,578,255",294,94,103,0
4,Twin Peaks Brewing Co. ,Brewpub,3/19/2013,Open,0,78569,1500 Market Pl Blvd,Irving,TX,75063,32.9187,-96.9677,15,40860,3.463,2797.860613,"7,503,875,039",55903,30670,412,18
3,Twisted Acre Brewery,Brewpub,2/8/2018,Open,0,295983,16103 Grant Rd,Cypress,TX,77429,29.9717,-95.6938,17,1388,3.719,1146.576053,"7,743,377,095",1767,490,72,0
2,Twisted X Brewing Company,Brewery,2/2/2011,Open,0,11299,23455 W RR 150,Dripping Springs,TX,78620,30.1651,-98.0847,28,51819,3.49,3100.946076,"7,861,978,737",66846,28997,504,6
5,Two Docs Brewing Co.,Brewery,10/5/2018,Open,0,420745,502 Texas Ave,Lubbock,TX,79401,33.5909,-101.846,22,1943,3.791,271.9091551,"7,941,179,413",2400,711,153,0
2,Two Wheel Brewing Company,Brewpub,10/27/2016,Open,0,328713,535 S. Loop 4,Buda,TX,78610,30.073,-97.8445,69,4622,3.718,972.8039005,"7,865,278,640",5805,2247,110,0
2,Uncle Billy's Brewery,Brewery,5/26/2017,Open,0,3118,1530 Barton Springs Road,Austin,TX,78701,30.2621,-97.7613,95,34412,3.563,3260.188067,"7,870,478,703",45105,20016,97,0
4,Uncle Buck's Brewery & Steakhouse,Brewpub,4/27/2007,Open,0,5027,2501 Bass Pro Drive,Grapevine,TX,76051,32.9571,-97.0431,22,3646,3.269,3228.785463,"7,501,975,063",4398,1482,35,0
1,Uncultured Ales,Brewery,2/7/2017,Open,0,389634,12307 Roxie Dr Ste 206,Austin,TX,78729,30.446,-97.7803,8,298,3.957,568.1365972,"7,875,078,717",366,275,21,0
2,Under The Radar Brewery,Brewery,11/6/2015,Open,0,272370,1506 Truxillo St,Houston,TX,77006,29.7342,-95.3759,105,11236,3.595,1255.819074,"7,700,477,002",13747,4702,127,0
2,Union Bear Brewing Company,Brewpub,7/28/2017,Open,0,37620,5880 State Hwy 121,Plano,TX,75024,33.0908,-96.8215,30,9394,3.661,705.7245833,"7,509,375,034",11245,3569,249,6
2,Unlawful Assembly Brewing Company,Brewpub,9/22/2017,Open,0,343879,7800 WINDROSE AVENUE,Plano,TX,75024,33.0831,-96.8252,16,15129,3.618,881.7038194,"7,509,375,034",19126,7544,350,2
4,Vallensons' Brewing Company,Brewpub,1/10/2017,Open,0,342490,4081 Rice Drier Road,Pearland,TX,77581,29.5757,-95.2873,64,4881,3.816,889.235706,"7,707,577,048",6046,1061,135,0
2,Vista Brewing,Brewpub,1/5/2018,Open,0,388757,13551 Ranch To Market Rd 150,Driftwood,TX,78619,30.1044,-98.0195,45,5909,3.715,565.8877894,"7,873,778,620",7094,2411,244,0
0,Waco Ale Company,Brewpub,12/12/2018,In the works,0,439925,806 Austin Avenue,Waco,TX,76701,31.5541,-97.1345,13,614,3.705,90.85614583,"7,670,776,704",706,195,144,0
5,Walking Beam Brewing Co,Brewpub,11/6/2018,Open,0,421840,1019 Halsell St,Bridgeport,TX,76426,33.2106,-97.7572,30,347,3.771,261.8837269,"7,607,376,431",496,140,14,0
1,Walking Stick Brewing Co.,Brewpub,10/25/2016,Open,0,320994,956 Judiway St,Houston,TX,77018,29.821,-95.4234,17,2577,3.486,1024.096597,"7,700,877,022",3090,965,136,26
1,Weathered Souls Brewing Co.,Brewpub,5/17/2016,Open,0,264115,4744 Center Park Blvd,San Antonio,TX,78218,29.4876,-98.3974,320,36226,3.981,1242.680046,"7,821,978,239",45320,9892,882,6
2,White Rock Alehouse & Brewery,Brewpub,43048,Open,0,379699,7331 Gaston Ave,Dallas,TX,75214,32.8128,-96.7299,33,3994,3.771,649.8296528,"7,522,375,218",4758,1581,268,0
3,Whitestone Brewery,Brewpub,42151,Open,0,245366,"601 E Whitestone Blvd, Ste 500, Bldg 5",Cedar Park,TX,78613,30.5235,-97.8243,74,18426,3.718,1399.951678,"7,871,778,641",24424,7365,423,2
2,Whole Foods Market Brewing Company,Brewpub,41779,Open,0,165604,"1700 Post Oak Blvd, Suite 100",Houston,TX,77056,29.7502,-95.4614,436,23948,3.886,1822.847708,"7,702,777,057",28906,5219,18,0
5,Wichita Falls Brewing Company,Brewpub,42801,Open,0,360183,701 Indiana,Wichita Falls,TX,76301,33.9136,-98.4913,38,2521,3.756,583.1486806,"7,630,976,306",3435,1066,82,0
3,Wicked Boxer Brewing,Brewpub,42906,Open,0,374693,16326 Mueschke Rd. #E-10,Cypress,TX,77433,30.0112,-95.7243,40,1257,3.67,685.0543981,"7,737,777,429",1504,442,0,0
5,Wild Acre Brewing Company,Brewery,10/22/2015,Open,0,254782,"1734 E El Paso St, Ste 190",Fort Worth,TX,76104,32.7439,-97.3094,61,38971,3.644,1343.019421,"7,610,276,103",52577,19692,812,10
0,Wild Bunch Brewing Company,Brewery,4/17/2013,Open,0,75934,1764 Taylorsville Rd,Red Rock,TX,78662,29.8694,-97.4454,18,833,3.333,2274.917662,"7,895,378,616",1106,701,14,0
2,Wimberley Brewing Company,Brewpub,39517,Open,0,10008,9595 Ranch Road 12,Wimberley,TX,78676,29.9435,-98.0925,18,1709,3.449,3135.038565,"7,866,678,133",2175,713,15,0
2,Woodcreek Brewing Company,Brewery,3/23/2015,Open,0,217818,1400 E Interstate 30,Rockwall,TX,75087,32.9133,-96.4413,17,9075,3.689,1553.024259,"7,503,275,088",11886,4773,74,0
1,Zero One Ale House,Brewpub,40941,Open,0,189606,20 W Beauregard Ave,San Angelo,TX,76903,31.4625,-100.438,41,2545,3.703,1705.811493,"7,690,876,905",3214,905,34,0
1,Zilker Brewing Company,Brewery,1/22/2015,Open,0,194786,1701 East 6th Street,Austin,TX,78702,30.2621,-97.7245,108,50605,3.752,1674.876736,"7,870,178,712",63699,22513,1145,42
